Id           ; Name:en        ; Name:uk
intertelecom ; "Intertelecom" ; "Інтертелеком"
kyivstar     ; "Kyivstar"     ; "Київстар"
lifecell     ; "lifecell"     ; "lifecell"
peoplenet    ; "PEOPLEnet"    ; "PEOPLEnet"
trimob       ; "TriMob"       ; "ТриМоб"
vodafone     ; "Vodafone"     ; "Vodafone Україна"
