Id            ; Name:en         ; Name:fa
__samantel    ; "SamanTel"      ; "سامانتل"
ir_mci        ; "IR-MCI"        ; "همراه اول"
irancell      ; "Irancell"      ; "ایرانسل"
lotustel      ; "LOTUSTEL"      ; "لوتوس‌تل"
mtce          ; "MTCE"          ; "اسپادان"
rightel       ; "Rightel"       ; "رایتل"
shatel_mobile ; "Shatel Mobile" ; "شاتل موبایل"
taliya        ; "Taliya"        ; "تالیا"
telekish      ; "TeleKish"      ; "تله‌کیش"
